<component name="ProjectRunConfigurationManager">
  <configuration default="false" name="report_1" type="LATEX_RUN_CONFIGURATION" factoryName="LaTeX configuration factory">
    <texify>
      <compiler>PDFLATEX</compiler>
      <compiler-path />
      <sumatra-path />
      <pdf-viewer>BUILT-IN-PDF-VIEWER</pdf-viewer>
      <viewer-command />
      <compiler-arguments />
      <envs />
      <main-file>$PROJECT_DIR$/docs/report_4.tex</main-file>
      <output-path>$PROJECT_DIR$/out</output-path>
      <auxil-path>$PROJECT_DIR$/out</auxil-path>
      <compile-twice>false</compile-twice>
      <output-format>PDF</output-format>
      <latex-distribution>MIKTEX</latex-distribution>
      <has-been-run>true</has-been-run>
      <bib-run-config>[BibTeX.report_1 bibliography]</bib-run-config>
      <makeindex-run-config>[]</makeindex-run-config>
    </texify>
    <method v="2">
      <option name="RunConfigurationTask" enabled="true" run_configuration_name="report_1 bibliography" run_configuration_type="BIBTEX_RUN_CONFIGURATION" />
    </method>
  </configuration>
</component>